Operation,DN,Attribute: Value
change,def,"('30,dc=C-NTDB', '2,dc=C-NTDB')"
change,"['soapService=ARTL-NTMS-DEFAULT,configType=soapClient,config=sdf,', 'soapUrlList', 0]","('http://10.113.45.4:10180/NotificationService/services/Common', 'http://10.113.37.4:10180/NotificationService/services/Common')"
change,"['soapService=ARTL-NTMS-DEFAULT,configType=soapClient,config=sdf,', 'soapUrlList', 1]","('http://10.113.37.4:10180/NotificationService/services/Common', 'http://10.113.21.4:10180/NotificationService/services/Common')"
change,"['soapService=ARTL-NTMS-DEFAULT,configType=soapClient,config=sdf,', 'soapUrlList', 2]","('http://10.113.21.4:10180/NotificationService/services/Common', 'http://10.113.45.4:10180/NotificationService/services/Common')"
change,"['soapService=BHMSYNC-RR-DEFAULT,configType=soapClient,config=sdf,', 'soapUrlList', 0]","('http://10.113.45.4:10180/NotificationService/services/Common', 'http://10.113.37.4:10180/NotificationService/services/Common')"
change,"['soapService=BHMSYNC-RR-DEFAULT,configType=soapClient,config=sdf,', 'soapUrlList', 1]","('http://10.113.37.4:10180/NotificationService/services/Common', 'http://10.113.21.4:10180/NotificationService/services/Common')"
change,"['soapService=BHMSYNC-RR-DEFAULT,configType=soapClient,config=sdf,', 'soapUrlList', 2]","('http://10.113.21.4:10180/NotificationService/services/Common', 'http://10.113.45.4:10180/NotificationService/services/Common')"
change,"['soapService=PGW-BC,configType=soapClient,config=sdf,', 'soapUrlList', 0]","('http://10.113.45.4:10180/NotificationService/services/Common', 'http://10.113.37.4:10180/NotificationService/services/Common')"
change,"['soapService=PGW-BC,configType=soapClient,config=sdf,', 'soapUrlList', 1]","('http://10.113.37.4:10180/NotificationService/services/Common', 'http://10.113.21.4:10180/NotificationService/services/Common')"
change,"['soapService=PGW-BC,configType=soapClient,config=sdf,', 'soapUrlList', 2]","('http://10.113.21.4:10180/NotificationService/services/Common', 'http://10.113.45.4:10180/NotificationService/services/Common')"
change,"['soapService=PGW-CHG-OVR-SERVICE,configType=soapClient,config=sdf,', 'soapUrlList', 0]","('http://10.113.45.4:10180/NotificationService/services/Common', 'http://10.113.37.4:10180/NotificationService/services/Common')"
change,"['soapService=PGW-CHG-OVR-SERVICE,configType=soapClient,config=sdf,', 'soapUrlList', 1]","('http://10.113.37.4:10180/NotificationService/services/Common', 'http://10.113.21.4:10180/NotificationService/services/Common')"
change,"['soapService=PGW-CHG-OVR-SERVICE,configType=soapClient,config=sdf,', 'soapUrlList', 2]","('http://10.113.21.4:10180/NotificationService/services/Common', 'http://10.113.45.4:10180/NotificationService/services/Common')"
change,"['soapService=EIR-DEFAULT,configType=soapClient,config=sdf,', 'soapUrlList', 0]","('http://10.113.45.4:10180/NotificationService/services/Common', 'http://10.113.37.4:10180/NotificationService/services/Common')"
change,"['soapService=EIR-DEFAULT,configType=soapClient,config=sdf,', 'soapUrlList', 1]","('http://10.113.37.4:10180/NotificationService/services/Common', 'http://10.113.21.4:10180/NotificationService/services/Common')"
change,"['soapService=EIR-DEFAULT,configType=soapClient,config=sdf,', 'soapUrlList', 2]","('http://10.113.21.4:10180/NotificationService/services/Common', 'http://10.113.45.4:10180/NotificationService/services/Common')"
change,"['soapService=HLR-RR-DEFAULT,configType=soapClient,config=sdf,', 'soapUrlList', 0]","('http://10.113.45.4:10180/NotificationService/services/Common', 'http://10.113.37.4:10180/NotificationService/services/Common')"
change,"['soapService=HLR-RR-DEFAULT,configType=soapClient,config=sdf,', 'soapUrlList', 1]","('http://10.113.37.4:10180/NotificationService/services/Common', 'http://10.113.21.4:10180/NotificationService/services/Common')"
change,"['soapService=HLR-RR-DEFAULT,configType=soapClient,config=sdf,', 'soapUrlList', 2]","('http://10.113.21.4:10180/NotificationService/services/Common', 'http://10.113.45.4:10180/NotificationService/services/Common')"
change,"['soapService=HLR-BC-DEFAULT,configType=soapClient,config=sdf,', 'soapUrlList', 0]","('http://10.113.45.4:10180/NotificationService/services/Common', 'http://10.113.37.4:10180/NotificationService/services/Common')"
change,"['soapService=HLR-BC-DEFAULT,configType=soapClient,config=sdf,', 'soapUrlList', 1]","('http://10.113.37.4:10180/NotificationService/services/Common', 'http://10.113.21.4:10180/NotificationService/services/Common')"
change,"['soapService=HLR-BC-DEFAULT,configType=soapClient,config=sdf,', 'soapUrlList', 2]","('http://10.113.21.4:10180/NotificationService/services/Common', 'http://10.113.45.4:10180/NotificationService/services/Common')"
change,"['soapService=HLR-RR-DEL-DEFAULT,configType=soapClient,config=sdf,', 'soapUrlList', 0]","('http://10.113.45.4:10180/NotificationService/services/Common', 'http://10.113.37.4:10180/NotificationService/services/Common')"
change,"['soapService=HLR-RR-DEL-DEFAULT,configType=soapClient,config=sdf,', 'soapUrlList', 1]","('http://10.113.37.4:10180/NotificationService/services/Common', 'http://10.113.21.4:10180/NotificationService/services/Common')"
change,"['soapService=HLR-RR-DEL-DEFAULT,configType=soapClient,config=sdf,', 'soapUrlList', 2]","('http://10.113.21.4:10180/NotificationService/services/Common', 'http://10.113.45.4:10180/NotificationService/services/Common')"
change,"['soapService=CRM-CHG-OVR-SERVICE,configType=soapClient,config=sdf,', 'soapUrlList', 0]","('http://10.113.45.4:10180/NotificationService/services/Common', 'http://10.113.37.4:10180/NotificationService/services/Common')"
change,"['soapService=CRM-CHG-OVR-SERVICE,configType=soapClient,config=sdf,', 'soapUrlList', 1]","('http://10.113.37.4:10180/NotificationService/services/Common', 'http://10.113.21.4:10180/NotificationService/services/Common')"
change,"['soapService=CRM-CHG-OVR-SERVICE,configType=soapClient,config=sdf,', 'soapUrlList', 2]","('http://10.113.21.4:10180/NotificationService/services/Common', 'http://10.113.45.4:10180/NotificationService/services/Common')"
change,"['soapService=HSS-RR-DEFAULT,configType=soapClient,config=sdf,', 'soapUrlList', 0]","('http://10.113.45.4:10180/NotificationService/services/Common', 'http://10.113.37.4:10180/NotificationService/services/Common')"
change,"['soapService=HSS-RR-DEFAULT,configType=soapClient,config=sdf,', 'soapUrlList', 1]","('http://10.113.37.4:10180/NotificationService/services/Common', 'http://10.113.21.4:10180/NotificationService/services/Common')"
change,"['soapService=HSS-RR-DEFAULT,configType=soapClient,config=sdf,', 'soapUrlList', 2]","('http://10.113.21.4:10180/NotificationService/services/Common', 'http://10.113.45.4:10180/NotificationService/services/Common')"
change,"['soapService=HSS-BC-DEFAULT,configType=soapClient,config=sdf,', 'soapUrlList', 0]","('http://10.113.45.4:10180/NotificationService/services/Common', 'http://10.113.37.4:10180/NotificationService/services/Common')"
change,"['soapService=HSS-BC-DEFAULT,configType=soapClient,config=sdf,', 'soapUrlList', 1]","('http://10.113.37.4:10180/NotificationService/services/Common', 'http://10.113.21.4:10180/NotificationService/services/Common')"
change,"['soapService=HSS-BC-DEFAULT,configType=soapClient,config=sdf,', 'soapUrlList', 2]","('http://10.113.21.4:10180/NotificationService/services/Common', 'http://10.113.45.4:10180/NotificationService/services/Common')"
change,"['groupId=0.0.17.1218.127.16.16,configType=group,config=sdf,', 'users', 3]","('1.3.6.1.4.1.4329.1.6.125.2', '0.0.17.1218.127.125.63000')"
change,"['groupId=0.0.17.1218.127.16.16,configType=group,config=sdf,', 'users', 4]","('1.3.6.1.4.1.4329.1.6.125.5', '0.0.17.1218.127.125.63001')"
change,"['groupId=0.0.17.1218.127.16.16,configType=group,config=sdf,', 'users', 5]","('1.3.6.1.4.1.4329.1.6.125.8', '1.3.6.1.4.1.4329.1.6.125.2')"
change,"['groupId=0.0.17.1218.127.16.16,configType=group,config=sdf,', 'users', 6]","('0.0.17.1218.127.125.63000', '1.3.6.1.4.1.4329.1.6.125.5')"
change,"['groupId=0.0.17.1218.127.16.16,configType=group,config=sdf,', 'users', 7]","('0.0.17.1218.127.125.63001', '1.3.6.1.4.1.4329.1.6.125.8')"
change,"['objectClassId=0.0.17.1218.127.6.10,configType=objectClass,config=sdf,', 'optAttrIds', 9]","('0.0.17.1218.127.4.5423', '0.0.17.1218.127.4.5421')"
change,"['objectClassId=0.0.17.1218.127.6.10,configType=objectClass,config=sdf,', 'optAttrIds', 10]","('0.0.17.1218.127.4.5421', '0.0.17.1218.127.4.5422')"
change,"['objectClassId=0.0.17.1218.127.6.10,configType=objectClass,config=sdf,', 'optAttrIds', 12]","('0.0.17.1218.127.4.5422', '0.0.17.1218.127.4.5423')"
change,"['objectClassId=0.0.17.1218.127.6.5026,configType=objectClass,config=sdf,', 'optAttrIds', 3]","('0.0.17.1218.127.4.5438', '2.5.24.5')"
change,"['objectClassId=0.0.17.1218.127.6.5026,configType=objectClass,config=sdf,', 'optAttrIds', 4]","('0.0.17.1218.127.4.5439', '0.0.17.1218.127.4.5438')"
change,"['objectClassId=0.0.17.1218.127.6.5026,configType=objectClass,config=sdf,', 'optAttrIds', 5]","('2.5.24.5', '0.0.17.1218.127.4.5439')"
change,"['objectClassId=0.0.17.1218.127.6.5028,configType=objectClass,config=sdf,', 'optAttrIds', 2]","('0.0.17.1218.127.4.5433', '2.5.24.5')"
change,"['objectClassId=0.0.17.1218.127.6.5028,configType=objectClass,config=sdf,', 'optAttrIds', 3]","('0.0.17.1218.127.4.5434', '0.0.17.1218.127.4.5433')"
change,"['objectClassId=0.0.17.1218.127.6.5028,configType=objectClass,config=sdf,', 'optAttrIds', 4]","('2.5.24.5', '0.0.17.1218.127.4.5434')"
change,"['objectClassId=0.0.17.1218.127.6.5046,configType=objectClass,config=sdf,', 'optAttrIds', 5]","('0.0.17.1218.127.4.5435', '0.0.17.1218.127.4.5258')"
change,"['objectClassId=0.0.17.1218.127.6.5046,configType=objectClass,config=sdf,', 'optAttrIds', 6]","('0.0.17.1218.127.4.5258', '2.5.24.5')"
change,"['objectClassId=0.0.17.1218.127.6.5046,configType=objectClass,config=sdf,', 'optAttrIds', 7]","('2.5.24.5', '0.0.17.1218.127.4.5435')"
change,"['objectClassId=0.0.17.1218.127.6.5047,configType=objectClass,config=sdf,', 'optAttrIds', 3]","('0.0.17.1218.127.4.5437', '0.0.17.1218.127.4.5265')"
change,"['objectClassId=0.0.17.1218.127.6.5047,configType=objectClass,config=sdf,', 'optAttrIds', 4]","('0.0.17.1218.127.4.5265', '0.0.17.1218.127.4.5266')"
change,"['objectClassId=0.0.17.1218.127.6.5047,configType=objectClass,config=sdf,', 'optAttrIds', 5]","('0.0.17.1218.127.4.5266', '0.0.17.1218.127.4.5267')"
change,"['objectClassId=0.0.17.1218.127.6.5047,configType=objectClass,config=sdf,', 'optAttrIds', 6]","('0.0.17.1218.127.4.5267', '0.0.17.1218.127.4.5268')"
change,"['objectClassId=0.0.17.1218.127.6.5047,configType=objectClass,config=sdf,', 'optAttrIds', 7]","('0.0.17.1218.127.4.5268', '2.5.24.5')"
change,"['objectClassId=0.0.17.1218.127.6.5047,configType=objectClass,config=sdf,', 'optAttrIds', 9]","('2.5.24.5', '0.0.17.1218.127.4.5437')"
change,"['objectClassId=0.0.17.1218.127.6.5073,configType=objectClass,config=sdf,', 'optAttrIds', 1]","('0.0.17.1218.127.4.5420', '2.5.24.5')"
change,"['objectClassId=0.0.17.1218.127.6.5073,configType=objectClass,config=sdf,', 'optAttrIds', 2]","('0.0.17.1218.127.4.5432', '0.0.17.1218.127.4.5420')"
change,"['objectClassId=0.0.17.1218.127.6.5073,configType=objectClass,config=sdf,', 'optAttrIds', 3]","('2.5.24.5', '0.0.17.1218.127.4.5432')"
change,"['objectClassId=0.0.17.1218.127.6.5075,configType=objectClass,config=sdf,', 'optAttrIds', 0]","('0.0.17.1218.127.4.5427', '0.0.17.1218.127.4.5392')"
change,"['objectClassId=0.0.17.1218.127.6.5075,configType=objectClass,config=sdf,', 'optAttrIds', 1]","('0.0.17.1218.127.4.5392', '0.0.17.1218.127.4.5390')"
change,"['objectClassId=0.0.17.1218.127.6.5075,configType=objectClass,config=sdf,', 'optAttrIds', 2]","('0.0.17.1218.127.4.5390', '0.0.17.1218.127.4.5427')"
change,"['objectClassId=1.3.6.1.4.1.4329.1.6.6.46,configType=objectClass,config=sdf,', 'optAttrIds', 0]","('2.5.24.5', '1.3.6.1.4.1.4329.1.6.4.444')"
change,"['objectClassId=1.3.6.1.4.1.4329.1.6.6.46,configType=objectClass,config=sdf,', 'optAttrIds', 1]","('1.3.6.1.4.1.4329.1.6.4.444', '1.3.6.1.4.1.4329.1.6.4.445')"
change,"['objectClassId=1.3.6.1.4.1.4329.1.6.6.46,configType=objectClass,config=sdf,', 'optAttrIds', 2]","('1.3.6.1.4.1.4329.1.6.4.445', '1.3.6.1.4.1.4329.1.6.4.446')"
change,"['objectClassId=1.3.6.1.4.1.4329.1.6.6.46,configType=objectClass,config=sdf,', 'optAttrIds', 3]","('1.3.6.1.4.1.4329.1.6.4.446', '1.3.6.1.4.1.4329.1.6.4.447')"
change,"['objectClassId=1.3.6.1.4.1.4329.1.6.6.46,configType=objectClass,config=sdf,', 'optAttrIds', 4]","('1.3.6.1.4.1.4329.1.6.4.447', '1.3.6.1.4.1.4329.1.6.4.448')"
change,"['objectClassId=1.3.6.1.4.1.4329.1.6.6.46,configType=objectClass,config=sdf,', 'optAttrIds', 5]","('1.3.6.1.4.1.4329.1.6.4.448', '1.3.6.1.4.1.4329.1.6.4.449')"
change,"['objectClassId=1.3.6.1.4.1.4329.1.6.6.46,configType=objectClass,config=sdf,', 'optAttrIds', 6]","('1.3.6.1.4.1.4329.1.6.4.449', '1.3.6.1.4.1.4329.1.6.4.450')"
change,"['objectClassId=1.3.6.1.4.1.4329.1.6.6.46,configType=objectClass,config=sdf,', 'optAttrIds', 7]","('1.3.6.1.4.1.4329.1.6.4.450', '1.3.6.1.4.1.4329.1.6.4.451')"
change,"['objectClassId=1.3.6.1.4.1.4329.1.6.6.46,configType=objectClass,config=sdf,', 'optAttrIds', 8]","('1.3.6.1.4.1.4329.1.6.4.451', '1.3.6.1.4.1.4329.1.6.4.452')"
change,"['objectClassId=1.3.6.1.4.1.4329.1.6.6.46,configType=objectClass,config=sdf,', 'optAttrIds', 9]","('1.3.6.1.4.1.4329.1.6.4.452', '1.3.6.1.4.1.4329.1.6.4.453')"
change,"['objectClassId=1.3.6.1.4.1.4329.1.6.6.46,configType=objectClass,config=sdf,', 'optAttrIds', 10]","('1.3.6.1.4.1.4329.1.6.4.453', '1.3.6.1.4.1.4329.1.6.4.454')"
change,"['objectClassId=1.3.6.1.4.1.4329.1.6.6.46,configType=objectClass,config=sdf,', 'optAttrIds', 11]","('1.3.6.1.4.1.4329.1.6.4.454', '1.3.6.1.4.1.4329.1.6.4.455')"
change,"['objectClassId=1.3.6.1.4.1.4329.1.6.6.46,configType=objectClass,config=sdf,', 'optAttrIds', 12]","('1.3.6.1.4.1.4329.1.6.4.455', '1.3.6.1.4.1.4329.1.6.4.456')"
change,"['objectClassId=1.3.6.1.4.1.4329.1.6.6.46,configType=objectClass,config=sdf,', 'optAttrIds', 13]","('1.3.6.1.4.1.4329.1.6.4.456', '1.3.6.1.4.1.4329.1.6.4.457')"
change,"['objectClassId=1.3.6.1.4.1.4329.1.6.6.46,configType=objectClass,config=sdf,', 'optAttrIds', 14]","('1.3.6.1.4.1.4329.1.6.4.457', '1.3.6.1.4.1.4329.1.6.4.458')"
change,"['objectClassId=1.3.6.1.4.1.4329.1.6.6.46,configType=objectClass,config=sdf,', 'optAttrIds', 15]","('1.3.6.1.4.1.4329.1.6.4.458', '1.3.6.1.4.1.4329.1.6.4.459')"
change,"['objectClassId=1.3.6.1.4.1.4329.1.6.6.46,configType=objectClass,config=sdf,', 'optAttrIds', 16]","('1.3.6.1.4.1.4329.1.6.4.459', '1.3.6.1.4.1.4329.1.6.4.460')"
change,"['objectClassId=1.3.6.1.4.1.4329.1.6.6.46,configType=objectClass,config=sdf,', 'optAttrIds', 17]","('1.3.6.1.4.1.4329.1.6.4.460', '1.3.6.1.4.1.4329.1.6.4.461')"
change,"['objectClassId=1.3.6.1.4.1.4329.1.6.6.46,configType=objectClass,config=sdf,', 'optAttrIds', 18]","('1.3.6.1.4.1.4329.1.6.4.461', '1.3.6.1.4.1.4329.1.6.4.462')"
change,"['objectClassId=1.3.6.1.4.1.4329.1.6.6.46,configType=objectClass,config=sdf,', 'optAttrIds', 19]","('1.3.6.1.4.1.4329.1.6.4.462', '1.3.6.1.4.1.4329.1.6.4.463')"
change,"['objectClassId=1.3.6.1.4.1.4329.1.6.6.46,configType=objectClass,config=sdf,', 'optAttrIds', 20]","('1.3.6.1.4.1.4329.1.6.4.463', '1.3.6.1.4.1.4329.1.6.4.464')"
change,"['objectClassId=1.3.6.1.4.1.4329.1.6.6.46,configType=objectClass,config=sdf,', 'optAttrIds', 21]","('1.3.6.1.4.1.4329.1.6.4.464', '1.3.6.1.4.1.4329.1.6.4.465')"
change,"['objectClassId=1.3.6.1.4.1.4329.1.6.6.46,configType=objectClass,config=sdf,', 'optAttrIds', 22]","('1.3.6.1.4.1.4329.1.6.4.465', '1.3.6.1.4.1.4329.1.6.4.466')"
change,"['objectClassId=1.3.6.1.4.1.4329.1.6.6.46,configType=objectClass,config=sdf,', 'optAttrIds', 23]","('1.3.6.1.4.1.4329.1.6.4.466', '1.3.6.1.4.1.4329.1.6.4.467')"
change,"['objectClassId=1.3.6.1.4.1.4329.1.6.6.46,configType=objectClass,config=sdf,', 'optAttrIds', 24]","('1.3.6.1.4.1.4329.1.6.4.467', '1.3.6.1.4.1.4329.1.6.4.468')"
change,"['objectClassId=1.3.6.1.4.1.4329.1.6.6.46,configType=objectClass,config=sdf,', 'optAttrIds', 25]","('1.3.6.1.4.1.4329.1.6.4.468', '1.3.6.1.4.1.4329.1.6.4.469')"
change,"['objectClassId=1.3.6.1.4.1.4329.1.6.6.46,configType=objectClass,config=sdf,', 'optAttrIds', 26]","('1.3.6.1.4.1.4329.1.6.4.469', '1.3.6.1.4.1.4329.1.6.4.470')"
change,"['objectClassId=1.3.6.1.4.1.4329.1.6.6.46,configType=objectClass,config=sdf,', 'optAttrIds', 27]","('1.3.6.1.4.1.4329.1.6.4.470', '1.3.6.1.4.1.4329.1.6.4.471')"
change,"['objectClassId=1.3.6.1.4.1.4329.1.6.6.46,configType=objectClass,config=sdf,', 'optAttrIds', 28]","('1.3.6.1.4.1.4329.1.6.4.471', '1.3.6.1.4.1.4329.1.6.4.472')"
change,"['objectClassId=1.3.6.1.4.1.4329.1.6.6.46,configType=objectClass,config=sdf,', 'optAttrIds', 29]","('1.3.6.1.4.1.4329.1.6.4.472', '1.3.6.1.4.1.4329.1.6.4.473')"
change,"['objectClassId=1.3.6.1.4.1.4329.1.6.6.46,configType=objectClass,config=sdf,', 'optAttrIds', 30]","('1.3.6.1.4.1.4329.1.6.4.473', '1.3.6.1.4.1.4329.1.6.4.474')"
change,"['objectClassId=1.3.6.1.4.1.4329.1.6.6.46,configType=objectClass,config=sdf,', 'optAttrIds', 31]","('1.3.6.1.4.1.4329.1.6.4.474', '1.3.6.1.4.1.4329.1.6.4.475')"
change,"['objectClassId=1.3.6.1.4.1.4329.1.6.6.46,configType=objectClass,config=sdf,', 'optAttrIds', 32]","('1.3.6.1.4.1.4329.1.6.4.475', '1.3.6.1.4.1.4329.1.6.4.476')"
change,"['objectClassId=1.3.6.1.4.1.4329.1.6.6.46,configType=objectClass,config=sdf,', 'optAttrIds', 33]","('1.3.6.1.4.1.4329.1.6.4.476', '1.3.6.1.4.1.4329.1.6.4.477')"
change,"['objectClassId=1.3.6.1.4.1.4329.1.6.6.46,configType=objectClass,config=sdf,', 'optAttrIds', 34]","('1.3.6.1.4.1.4329.1.6.4.477', '1.3.6.1.4.1.4329.1.6.4.478')"
change,"['objectClassId=1.3.6.1.4.1.4329.1.6.6.46,configType=objectClass,config=sdf,', 'optAttrIds', 35]","('1.3.6.1.4.1.4329.1.6.4.478', '1.3.6.1.4.1.4329.1.6.4.479')"
change,"['objectClassId=1.3.6.1.4.1.4329.1.6.6.46,configType=objectClass,config=sdf,', 'optAttrIds', 36]","('1.3.6.1.4.1.4329.1.6.4.479', '1.3.6.1.4.1.4329.1.6.4.480')"
change,"['objectClassId=1.3.6.1.4.1.4329.1.6.6.46,configType=objectClass,config=sdf,', 'optAttrIds', 37]","('1.3.6.1.4.1.4329.1.6.4.480', '1.3.6.1.4.1.4329.1.6.4.481')"
change,"['objectClassId=1.3.6.1.4.1.4329.1.6.6.46,configType=objectClass,config=sdf,', 'optAttrIds', 38]","('1.3.6.1.4.1.4329.1.6.4.481', '1.3.6.1.4.1.4329.1.6.4.482')"
change,"['objectClassId=1.3.6.1.4.1.4329.1.6.6.46,configType=objectClass,config=sdf,', 'optAttrIds', 39]","('1.3.6.1.4.1.4329.1.6.4.482', '1.3.6.1.4.1.4329.1.6.4.483')"
change,"['objectClassId=1.3.6.1.4.1.4329.1.6.6.46,configType=objectClass,config=sdf,', 'optAttrIds', 40]","('1.3.6.1.4.1.4329.1.6.4.483', '1.3.6.1.4.1.4329.1.6.4.484')"
change,"['objectClassId=1.3.6.1.4.1.4329.1.6.6.46,configType=objectClass,config=sdf,', 'optAttrIds', 41]","('1.3.6.1.4.1.4329.1.6.4.484', '1.3.6.1.4.1.4329.1.6.4.485')"
change,"['objectClassId=1.3.6.1.4.1.4329.1.6.6.46,configType=objectClass,config=sdf,', 'optAttrIds', 42]","('1.3.6.1.4.1.4329.1.6.4.485', '1.3.6.1.4.1.4329.1.6.4.486')"
change,"['objectClassId=1.3.6.1.4.1.4329.1.6.6.46,configType=objectClass,config=sdf,', 'optAttrIds', 43]","('1.3.6.1.4.1.4329.1.6.4.486', '1.3.6.1.4.1.4329.1.6.4.487')"
change,"['objectClassId=1.3.6.1.4.1.4329.1.6.6.46,configType=objectClass,config=sdf,', 'optAttrIds', 44]","('1.3.6.1.4.1.4329.1.6.4.487', '1.3.6.1.4.1.4329.1.6.4.488')"
change,"['objectClassId=1.3.6.1.4.1.4329.1.6.6.46,configType=objectClass,config=sdf,', 'optAttrIds', 45]","('1.3.6.1.4.1.4329.1.6.4.488', '1.3.6.1.4.1.4329.1.6.4.489')"
change,"['objectClassId=1.3.6.1.4.1.4329.1.6.6.46,configType=objectClass,config=sdf,', 'optAttrIds', 46]","('1.3.6.1.4.1.4329.1.6.4.489', '1.3.6.1.4.1.4329.1.6.4.490')"
change,"['objectClassId=1.3.6.1.4.1.4329.1.6.6.46,configType=objectClass,config=sdf,', 'optAttrIds', 47]","('1.3.6.1.4.1.4329.1.6.4.490', '1.3.6.1.4.1.4329.1.6.4.491')"
change,"['objectClassId=1.3.6.1.4.1.4329.1.6.6.46,configType=objectClass,config=sdf,', 'optAttrIds', 48]","('1.3.6.1.4.1.4329.1.6.4.491', '1.3.6.1.4.1.4329.1.6.4.492')"
change,"['objectClassId=1.3.6.1.4.1.4329.1.6.6.46,configType=objectClass,config=sdf,', 'optAttrIds', 49]","('1.3.6.1.4.1.4329.1.6.4.492', '1.3.6.1.4.1.4329.1.6.4.493')"
change,"['objectClassId=1.3.6.1.4.1.4329.1.6.6.46,configType=objectClass,config=sdf,', 'optAttrIds', 50]","('1.3.6.1.4.1.4329.1.6.4.493', '1.3.6.1.4.1.4329.1.6.4.494')"
change,"['objectClassId=1.3.6.1.4.1.4329.1.6.6.46,configType=objectClass,config=sdf,', 'optAttrIds', 51]","('1.3.6.1.4.1.4329.1.6.4.494', '1.3.6.1.4.1.4329.1.6.4.495')"
change,"['objectClassId=1.3.6.1.4.1.4329.1.6.6.46,configType=objectClass,config=sdf,', 'optAttrIds', 52]","('1.3.6.1.4.1.4329.1.6.4.495', '1.3.6.1.4.1.4329.1.6.4.496')"
change,"['objectClassId=1.3.6.1.4.1.4329.1.6.6.46,configType=objectClass,config=sdf,', 'optAttrIds', 53]","('1.3.6.1.4.1.4329.1.6.4.496', '1.3.6.1.4.1.4329.1.6.4.497')"
change,"['objectClassId=1.3.6.1.4.1.4329.1.6.6.46,configType=objectClass,config=sdf,', 'optAttrIds', 54]","('1.3.6.1.4.1.4329.1.6.4.497', '1.3.6.1.4.1.4329.1.6.4.498')"
change,"['objectClassId=1.3.6.1.4.1.4329.1.6.6.46,configType=objectClass,config=sdf,', 'optAttrIds', 55]","('1.3.6.1.4.1.4329.1.6.4.498', '1.3.6.1.4.1.4329.1.6.4.499')"
change,"['objectClassId=1.3.6.1.4.1.4329.1.6.6.46,configType=objectClass,config=sdf,', 'optAttrIds', 56]","('1.3.6.1.4.1.4329.1.6.4.499', '1.3.6.1.4.1.4329.1.6.4.500')"
change,"['objectClassId=1.3.6.1.4.1.4329.1.6.6.46,configType=objectClass,config=sdf,', 'optAttrIds', 57]","('1.3.6.1.4.1.4329.1.6.4.500', '1.3.6.1.4.1.4329.1.6.4.501')"
change,"['objectClassId=1.3.6.1.4.1.4329.1.6.6.46,configType=objectClass,config=sdf,', 'optAttrIds', 58]","('1.3.6.1.4.1.4329.1.6.4.501', '1.3.6.1.4.1.4329.1.6.4.502')"
change,"['objectClassId=1.3.6.1.4.1.4329.1.6.6.46,configType=objectClass,config=sdf,', 'optAttrIds', 59]","('1.3.6.1.4.1.4329.1.6.4.502', '1.3.6.1.4.1.4329.1.6.4.503')"
change,"['objectClassId=1.3.6.1.4.1.4329.1.6.6.46,configType=objectClass,config=sdf,', 'optAttrIds', 60]","('1.3.6.1.4.1.4329.1.6.4.503', '1.3.6.1.4.1.4329.1.6.4.504')"
change,"['objectClassId=1.3.6.1.4.1.4329.1.6.6.46,configType=objectClass,config=sdf,', 'optAttrIds', 61]","('1.3.6.1.4.1.4329.1.6.4.504', '1.3.6.1.4.1.4329.1.6.4.505')"
change,"['objectClassId=1.3.6.1.4.1.4329.1.6.6.46,configType=objectClass,config=sdf,', 'optAttrIds', 62]","('1.3.6.1.4.1.4329.1.6.4.505', '1.3.6.1.4.1.4329.1.6.4.506')"
change,"['objectClassId=1.3.6.1.4.1.4329.1.6.6.46,configType=objectClass,config=sdf,', 'optAttrIds', 63]","('1.3.6.1.4.1.4329.1.6.4.506', '1.3.6.1.4.1.4329.1.6.4.507')"
change,"['objectClassId=1.3.6.1.4.1.4329.1.6.6.46,configType=objectClass,config=sdf,', 'optAttrIds', 64]","('1.3.6.1.4.1.4329.1.6.4.507', '1.3.6.1.4.1.4329.1.6.4.508')"
change,"['objectClassId=1.3.6.1.4.1.4329.1.6.6.46,configType=objectClass,config=sdf,', 'optAttrIds', 65]","('1.3.6.1.4.1.4329.1.6.4.508', '1.3.6.1.4.1.4329.1.6.4.509')"
change,"['objectClassId=1.3.6.1.4.1.4329.1.6.6.46,configType=objectClass,config=sdf,', 'optAttrIds', 66]","('1.3.6.1.4.1.4329.1.6.4.509', '1.3.6.1.4.1.4329.1.6.4.510')"
change,"['objectClassId=1.3.6.1.4.1.4329.1.6.6.46,configType=objectClass,config=sdf,', 'optAttrIds', 67]","('1.3.6.1.4.1.4329.1.6.4.510', '1.3.6.1.4.1.4329.1.6.4.511')"
change,"['objectClassId=1.3.6.1.4.1.4329.1.6.6.46,configType=objectClass,config=sdf,', 'optAttrIds', 68]","('1.3.6.1.4.1.4329.1.6.4.511', '1.3.6.1.4.1.4329.1.6.4.512')"
change,"['objectClassId=1.3.6.1.4.1.4329.1.6.6.46,configType=objectClass,config=sdf,', 'optAttrIds', 69]","('1.3.6.1.4.1.4329.1.6.4.512', '1.3.6.1.4.1.4329.1.6.4.513')"
change,"['objectClassId=1.3.6.1.4.1.4329.1.6.6.46,configType=objectClass,config=sdf,', 'optAttrIds', 70]","('1.3.6.1.4.1.4329.1.6.4.513', '1.3.6.1.4.1.4329.1.6.4.514')"
change,"['objectClassId=1.3.6.1.4.1.4329.1.6.6.46,configType=objectClass,config=sdf,', 'optAttrIds', 71]","('1.3.6.1.4.1.4329.1.6.4.514', '1.3.6.1.4.1.4329.1.6.4.515')"
change,"['objectClassId=1.3.6.1.4.1.4329.1.6.6.46,configType=objectClass,config=sdf,', 'optAttrIds', 72]","('1.3.6.1.4.1.4329.1.6.4.515', '1.3.6.1.4.1.4329.1.6.4.516')"
change,"['objectClassId=1.3.6.1.4.1.4329.1.6.6.46,configType=objectClass,config=sdf,', 'optAttrIds', 73]","('1.3.6.1.4.1.4329.1.6.4.516', '1.3.6.1.4.1.4329.1.6.4.517')"
change,"['objectClassId=1.3.6.1.4.1.4329.1.6.6.46,configType=objectClass,config=sdf,', 'optAttrIds', 74]","('1.3.6.1.4.1.4329.1.6.4.517', '1.3.6.1.4.1.4329.1.6.4.518')"
change,"['objectClassId=1.3.6.1.4.1.4329.1.6.6.46,configType=objectClass,config=sdf,', 'optAttrIds', 75]","('1.3.6.1.4.1.4329.1.6.4.518', '1.3.6.1.4.1.4329.1.6.4.519')"
change,"['objectClassId=1.3.6.1.4.1.4329.1.6.6.46,configType=objectClass,config=sdf,', 'optAttrIds', 76]","('1.3.6.1.4.1.4329.1.6.4.519', '1.3.6.1.4.1.4329.1.6.4.520')"
change,"['objectClassId=1.3.6.1.4.1.4329.1.6.6.46,configType=objectClass,config=sdf,', 'optAttrIds', 77]","('1.3.6.1.4.1.4329.1.6.4.520', '1.3.6.1.4.1.4329.1.6.4.521')"
change,"['objectClassId=1.3.6.1.4.1.4329.1.6.6.46,configType=objectClass,config=sdf,', 'optAttrIds', 78]","('1.3.6.1.4.1.4329.1.6.4.521', '1.3.6.1.4.1.4329.1.6.4.522')"
change,"['objectClassId=1.3.6.1.4.1.4329.1.6.6.46,configType=objectClass,config=sdf,', 'optAttrIds', 79]","('1.3.6.1.4.1.4329.1.6.4.522', '1.3.6.1.4.1.4329.1.6.4.523')"
change,"['objectClassId=1.3.6.1.4.1.4329.1.6.6.46,configType=objectClass,config=sdf,', 'optAttrIds', 80]","('1.3.6.1.4.1.4329.1.6.4.523', '1.3.6.1.4.1.4329.1.6.4.524')"
change,"['objectClassId=1.3.6.1.4.1.4329.1.6.6.46,configType=objectClass,config=sdf,', 'optAttrIds', 81]","('1.3.6.1.4.1.4329.1.6.4.524', '1.3.6.1.4.1.4329.1.6.4.525')"
change,"['objectClassId=1.3.6.1.4.1.4329.1.6.6.46,configType=objectClass,config=sdf,', 'optAttrIds', 82]","('1.3.6.1.4.1.4329.1.6.4.525', '1.3.6.1.4.1.4329.1.6.4.526')"
change,"['objectClassId=1.3.6.1.4.1.4329.1.6.6.46,configType=objectClass,config=sdf,', 'optAttrIds', 83]","('1.3.6.1.4.1.4329.1.6.4.526', '1.3.6.1.4.1.4329.1.6.4.527')"
change,"['objectClassId=1.3.6.1.4.1.4329.1.6.6.46,configType=objectClass,config=sdf,', 'optAttrIds', 84]","('1.3.6.1.4.1.4329.1.6.4.527', '1.3.6.1.4.1.4329.1.6.4.528')"
change,"['objectClassId=1.3.6.1.4.1.4329.1.6.6.46,configType=objectClass,config=sdf,', 'optAttrIds', 85]","('1.3.6.1.4.1.4329.1.6.4.528', '1.3.6.1.4.1.4329.1.6.4.529')"
change,"['objectClassId=1.3.6.1.4.1.4329.1.6.6.46,configType=objectClass,config=sdf,', 'optAttrIds', 86]","('1.3.6.1.4.1.4329.1.6.4.529', '1.3.6.1.4.1.4329.1.6.4.530')"
change,"['objectClassId=1.3.6.1.4.1.4329.1.6.6.46,configType=objectClass,config=sdf,', 'optAttrIds', 87]","('1.3.6.1.4.1.4329.1.6.4.530', '1.3.6.1.4.1.4329.1.6.4.531')"
change,"['objectClassId=1.3.6.1.4.1.4329.1.6.6.46,configType=objectClass,config=sdf,', 'optAttrIds', 88]","('1.3.6.1.4.1.4329.1.6.4.531', '1.3.6.1.4.1.4329.1.6.4.532')"
change,"['objectClassId=1.3.6.1.4.1.4329.1.6.6.46,configType=objectClass,config=sdf,', 'optAttrIds', 89]","('1.3.6.1.4.1.4329.1.6.4.532', '1.3.6.1.4.1.4329.1.6.4.533')"
change,"['objectClassId=1.3.6.1.4.1.4329.1.6.6.46,configType=objectClass,config=sdf,', 'optAttrIds', 90]","('1.3.6.1.4.1.4329.1.6.4.533', '1.3.6.1.4.1.4329.1.6.4.534')"
change,"['objectClassId=1.3.6.1.4.1.4329.1.6.6.46,configType=objectClass,config=sdf,', 'optAttrIds', 91]","('1.3.6.1.4.1.4329.1.6.4.534', '1.3.6.1.4.1.4329.1.6.4.535')"
change,"['objectClassId=1.3.6.1.4.1.4329.1.6.6.46,configType=objectClass,config=sdf,', 'optAttrIds', 92]","('1.3.6.1.4.1.4329.1.6.4.535', '1.3.6.1.4.1.4329.1.6.4.536')"
change,"['objectClassId=1.3.6.1.4.1.4329.1.6.6.46,configType=objectClass,config=sdf,', 'optAttrIds', 93]","('1.3.6.1.4.1.4329.1.6.4.536', '1.3.6.1.4.1.4329.1.6.4.537')"
change,"['objectClassId=1.3.6.1.4.1.4329.1.6.6.46,configType=objectClass,config=sdf,', 'optAttrIds', 94]","('1.3.6.1.4.1.4329.1.6.4.537', '1.3.6.1.4.1.4329.1.6.4.538')"
change,"['objectClassId=1.3.6.1.4.1.4329.1.6.6.46,configType=objectClass,config=sdf,', 'optAttrIds', 95]","('1.3.6.1.4.1.4329.1.6.4.538', '1.3.6.1.4.1.4329.1.6.4.539')"
change,"['objectClassId=1.3.6.1.4.1.4329.1.6.6.46,configType=objectClass,config=sdf,', 'optAttrIds', 96]","('1.3.6.1.4.1.4329.1.6.4.539', '1.3.6.1.4.1.4329.1.6.4.540')"
change,"['objectClassId=1.3.6.1.4.1.4329.1.6.6.46,configType=objectClass,config=sdf,', 'optAttrIds', 97]","('1.3.6.1.4.1.4329.1.6.4.540', '1.3.6.1.4.1.4329.1.6.4.541')"
change,"['objectClassId=1.3.6.1.4.1.4329.1.6.6.46,configType=objectClass,config=sdf,', 'optAttrIds', 98]","('1.3.6.1.4.1.4329.1.6.4.541', '1.3.6.1.4.1.4329.1.6.4.542')"
change,"['objectClassId=1.3.6.1.4.1.4329.1.6.6.46,configType=objectClass,config=sdf,', 'optAttrIds', 99]","('1.3.6.1.4.1.4329.1.6.4.542', '1.3.6.1.4.1.4329.1.6.4.543')"
change,"['objectClassId=1.3.6.1.4.1.4329.1.6.6.46,configType=objectClass,config=sdf,', 'optAttrIds', 100]","('1.3.6.1.4.1.4329.1.6.4.543', '1.3.6.1.4.1.4329.1.6.4.544')"
change,"['objectClassId=1.3.6.1.4.1.4329.1.6.6.46,configType=objectClass,config=sdf,', 'optAttrIds', 101]","('1.3.6.1.4.1.4329.1.6.4.544', '1.3.6.1.4.1.4329.1.6.4.545')"
change,"['objectClassId=1.3.6.1.4.1.4329.1.6.6.46,configType=objectClass,config=sdf,', 'optAttrIds', 102]","('1.3.6.1.4.1.4329.1.6.4.545', '1.3.6.1.4.1.4329.1.6.4.546')"
change,"['objectClassId=1.3.6.1.4.1.4329.1.6.6.46,configType=objectClass,config=sdf,', 'optAttrIds', 103]","('1.3.6.1.4.1.4329.1.6.4.546', '1.3.6.1.4.1.4329.1.6.4.547')"
change,"['objectClassId=1.3.6.1.4.1.4329.1.6.6.46,configType=objectClass,config=sdf,', 'optAttrIds', 104]","('1.3.6.1.4.1.4329.1.6.4.547', '1.3.6.1.4.1.4329.1.6.4.631')"
change,"['objectClassId=1.3.6.1.4.1.4329.1.6.6.46,configType=objectClass,config=sdf,', 'optAttrIds', 105]","('1.3.6.1.4.1.4329.1.6.4.631', '1.3.6.1.4.1.4329.1.6.4.639')"
change,"['objectClassId=1.3.6.1.4.1.4329.1.6.6.46,configType=objectClass,config=sdf,', 'optAttrIds', 106]","('1.3.6.1.4.1.4329.1.6.4.639', '1.3.6.1.4.1.4329.1.6.4.668')"
change,"['objectClassId=1.3.6.1.4.1.4329.1.6.6.46,configType=objectClass,config=sdf,', 'optAttrIds', 107]","('1.3.6.1.4.1.4329.1.6.4.668', '1.3.6.1.4.1.4329.1.6.4.669')"
change,"['objectClassId=1.3.6.1.4.1.4329.1.6.6.46,configType=objectClass,config=sdf,', 'optAttrIds', 108]","('1.3.6.1.4.1.4329.1.6.4.669', '1.3.6.1.4.1.4329.1.6.4.678')"
change,"['objectClassId=1.3.6.1.4.1.4329.1.6.6.46,configType=objectClass,config=sdf,', 'optAttrIds', 109]","('1.3.6.1.4.1.4329.1.6.4.678', '1.3.6.1.4.1.4329.1.6.4.679')"
change,"['objectClassId=1.3.6.1.4.1.4329.1.6.6.46,configType=objectClass,config=sdf,', 'optAttrIds', 110]","('1.3.6.1.4.1.4329.1.6.4.679', '1.3.6.1.4.1.4329.1.6.4.680')"
change,"['objectClassId=1.3.6.1.4.1.4329.1.6.6.46,configType=objectClass,config=sdf,', 'optAttrIds', 111]","('1.3.6.1.4.1.4329.1.6.4.680', '1.3.6.1.4.1.4329.1.6.4.681')"
change,"['objectClassId=1.3.6.1.4.1.4329.1.6.6.46,configType=objectClass,config=sdf,', 'optAttrIds', 112]","('1.3.6.1.4.1.4329.1.6.4.681', '1.3.6.1.4.1.4329.1.6.4.692')"
change,"['objectClassId=1.3.6.1.4.1.4329.1.6.6.46,configType=objectClass,config=sdf,', 'optAttrIds', 113]","('1.3.6.1.4.1.4329.1.6.4.692', '1.3.6.1.4.1.4329.1.6.4.693')"
change,"['objectClassId=1.3.6.1.4.1.4329.1.6.6.46,configType=objectClass,config=sdf,', 'optAttrIds', 114]","('1.3.6.1.4.1.4329.1.6.4.693', '1.3.6.1.4.1.4329.1.6.4.700')"
change,"['objectClassId=1.3.6.1.4.1.4329.1.6.6.46,configType=objectClass,config=sdf,', 'optAttrIds', 115]","('1.3.6.1.4.1.4329.1.6.4.700', '1.3.6.1.4.1.4329.1.6.4.701')"
change,"['objectClassId=1.3.6.1.4.1.4329.1.6.6.46,configType=objectClass,config=sdf,', 'optAttrIds', 116]","('1.3.6.1.4.1.4329.1.6.4.701', '1.3.6.1.4.1.4329.1.6.4.705')"
change,"['objectClassId=1.3.6.1.4.1.4329.1.6.6.46,configType=objectClass,config=sdf,', 'optAttrIds', 117]","('1.3.6.1.4.1.4329.1.6.4.705', '1.3.6.1.4.1.4329.1.6.4.706')"
change,"['objectClassId=1.3.6.1.4.1.4329.1.6.6.46,configType=objectClass,config=sdf,', 'optAttrIds', 118]","('1.3.6.1.4.1.4329.1.6.4.706', '1.3.6.1.4.1.4329.1.6.4.941')"
change,"['objectClassId=1.3.6.1.4.1.4329.1.6.6.46,configType=objectClass,config=sdf,', 'optAttrIds', 119]","('1.3.6.1.4.1.4329.1.6.4.941', '2.5.24.5')"
change,"['objectClassId=1.3.6.1.4.1.4329.1.6.6.46,configType=objectClass,config=sdf,', 'optAttrIds', 152]","('1.3.6.1.4.1.4329.1.6.4.8221', '1.3.6.1.4.1.4329.1.6.4.1959')"
change,"['objectClassId=1.3.6.1.4.1.4329.1.6.6.46,configType=objectClass,config=sdf,', 'optAttrIds', 153]","('1.3.6.1.4.1.4329.1.6.4.2244', '1.3.6.1.4.1.4329.1.6.4.8221')"
change,"['objectClassId=1.3.6.1.4.1.4329.1.6.6.46,configType=objectClass,config=sdf,', 'optAttrIds', 154]","('1.3.6.1.4.1.4329.1.6.4.2245', '1.3.6.1.4.1.4329.1.6.4.2244')"
change,"['objectClassId=1.3.6.1.4.1.4329.1.6.6.46,configType=objectClass,config=sdf,', 'optAttrIds', 155]","('1.3.6.1.4.1.4329.1.6.4.2246', '1.3.6.1.4.1.4329.1.6.4.2245')"
change,"['objectClassId=1.3.6.1.4.1.4329.1.6.6.46,configType=objectClass,config=sdf,', 'optAttrIds', 156]","('1.3.6.1.4.1.4329.1.6.4.1959', '1.3.6.1.4.1.4329.1.6.4.2246')"
change,"['objectClassId=1.3.6.1.4.1.4329.1.6.6.45,configType=objectClass,config=sdf,', 'optAttrIds', 9]","('2.5.24.5', '1.3.6.1.4.1.4329.1.6.4.274')"
change,"['objectClassId=1.3.6.1.4.1.4329.1.6.6.45,configType=objectClass,config=sdf,', 'optAttrIds', 10]","('1.3.6.1.4.1.4329.1.6.4.904', '2.5.24.5')"
change,"['objectClassId=1.3.6.1.4.1.4329.1.6.6.45,configType=objectClass,config=sdf,', 'optAttrIds', 11]","('1.3.6.1.4.1.4329.1.6.4.274', '1.3.6.1.4.1.4329.1.6.4.904')"
change,"['objectClassId=1.3.6.1.4.1.4329.1.6.6.38,configType=objectClass,config=sdf,', 'optAttrIds', 284]","('1.3.6.1.4.1.4329.1.6.4.8219', '1.3.6.1.4.1.4329.1.6.4.1900')"
change,"['objectClassId=1.3.6.1.4.1.4329.1.6.6.38,configType=objectClass,config=sdf,', 'optAttrIds', 285]","('1.3.6.1.4.1.4329.1.6.4.8220', '1.3.6.1.4.1.4329.1.6.4.1920')"
change,"['objectClassId=1.3.6.1.4.1.4329.1.6.6.38,configType=objectClass,config=sdf,', 'optAttrIds', 286]","('1.3.6.1.4.1.4329.1.6.4.8222', '1.3.6.1.4.1.4329.1.6.4.1963')"
change,"['objectClassId=1.3.6.1.4.1.4329.1.6.6.38,configType=objectClass,config=sdf,', 'optAttrIds', 287]","('1.3.6.1.4.1.4329.1.6.4.8223', '1.3.6.1.4.1.4329.1.6.4.1964')"
change,"['objectClassId=1.3.6.1.4.1.4329.1.6.6.38,configType=objectClass,config=sdf,', 'optAttrIds', 288]","('1.3.6.1.4.1.4329.1.6.4.8224', '1.3.6.1.4.1.4329.1.6.4.1965')"
change,"['objectClassId=1.3.6.1.4.1.4329.1.6.6.38,configType=objectClass,config=sdf,', 'optAttrIds', 289]","('1.3.6.1.4.1.4329.1.6.4.8225', '1.3.6.1.4.1.4329.1.6.4.1976')"
change,"['objectClassId=1.3.6.1.4.1.4329.1.6.6.38,configType=objectClass,config=sdf,', 'optAttrIds', 290]","('1.3.6.1.4.1.4329.1.6.4.8226', '1.3.6.1.4.1.4329.1.6.4.1961')"
change,"['objectClassId=1.3.6.1.4.1.4329.1.6.6.38,configType=objectClass,config=sdf,', 'optAttrIds', 291]","('1.3.6.1.4.1.4329.1.6.4.8227', '1.3.6.1.4.1.4329.1.6.4.1987')"
change,"['objectClassId=1.3.6.1.4.1.4329.1.6.6.38,configType=objectClass,config=sdf,', 'optAttrIds', 292]","('1.3.6.1.4.1.4329.1.6.4.8228', '1.3.6.1.4.1.4329.1.6.4.1990')"
change,"['objectClassId=1.3.6.1.4.1.4329.1.6.6.38,configType=objectClass,config=sdf,', 'optAttrIds', 293]","('1.3.6.1.4.1.4329.1.6.4.8229', '1.3.6.1.4.1.4329.1.6.4.1998')"
change,"['objectClassId=1.3.6.1.4.1.4329.1.6.6.38,configType=objectClass,config=sdf,', 'optAttrIds', 294]","('1.3.6.1.4.1.4329.1.6.4.8230', '1.3.6.1.4.1.4329.1.6.4.1706')"
change,"['objectClassId=1.3.6.1.4.1.4329.1.6.6.38,configType=objectClass,config=sdf,', 'optAttrIds', 295]","('1.3.6.1.4.1.4329.1.6.4.8231', '1.3.6.1.4.1.4329.1.6.4.1744')"
change,"['objectClassId=1.3.6.1.4.1.4329.1.6.6.38,configType=objectClass,config=sdf,', 'optAttrIds', 296]","('1.3.6.1.4.1.4329.1.6.4.8232', '1.3.6.1.4.1.4329.1.6.4.1749')"
change,"['objectClassId=1.3.6.1.4.1.4329.1.6.6.38,configType=objectClass,config=sdf,', 'optAttrIds', 297]","('1.3.6.1.4.1.4329.1.6.4.8233', '1.3.6.1.4.1.4329.1.6.4.8219')"
change,"['objectClassId=1.3.6.1.4.1.4329.1.6.6.38,configType=objectClass,config=sdf,', 'optAttrIds', 298]","('1.3.6.1.4.1.4329.1.6.4.8234', '1.3.6.1.4.1.4329.1.6.4.8220')"
change,"['objectClassId=1.3.6.1.4.1.4329.1.6.6.38,configType=objectClass,config=sdf,', 'optAttrIds', 299]","('1.3.6.1.4.1.4329.1.6.4.8235', '1.3.6.1.4.1.4329.1.6.4.8222')"
change,"['objectClassId=1.3.6.1.4.1.4329.1.6.6.38,configType=objectClass,config=sdf,', 'optAttrIds', 300]","('1.3.6.1.4.1.4329.1.6.4.8236', '1.3.6.1.4.1.4329.1.6.4.8223')"
change,"['objectClassId=1.3.6.1.4.1.4329.1.6.6.38,configType=objectClass,config=sdf,', 'optAttrIds', 301]","('1.3.6.1.4.1.4329.1.6.4.8245', '1.3.6.1.4.1.4329.1.6.4.8224')"
change,"['objectClassId=1.3.6.1.4.1.4329.1.6.6.38,configType=objectClass,config=sdf,', 'optAttrIds', 302]","('1.3.6.1.4.1.4329.1.6.4.8247', '1.3.6.1.4.1.4329.1.6.4.8225')"
change,"['objectClassId=1.3.6.1.4.1.4329.1.6.6.38,configType=objectClass,config=sdf,', 'optAttrIds', 303]","('1.3.6.1.4.1.4329.1.6.4.8248', '1.3.6.1.4.1.4329.1.6.4.8226')"
change,"['objectClassId=1.3.6.1.4.1.4329.1.6.6.38,configType=objectClass,config=sdf,', 'optAttrIds', 304]","('1.3.6.1.4.1.4329.1.6.4.8246', '1.3.6.1.4.1.4329.1.6.4.8227')"
change,"['objectClassId=1.3.6.1.4.1.4329.1.6.6.38,configType=objectClass,config=sdf,', 'optAttrIds', 305]","('1.3.6.1.4.1.4329.1.6.4.957', '1.3.6.1.4.1.4329.1.6.4.8228')"
change,"['objectClassId=1.3.6.1.4.1.4329.1.6.6.38,configType=objectClass,config=sdf,', 'optAttrIds', 306]","('1.3.6.1.4.1.4329.1.6.4.1900', '1.3.6.1.4.1.4329.1.6.4.8229')"
change,"['objectClassId=1.3.6.1.4.1.4329.1.6.6.38,configType=objectClass,config=sdf,', 'optAttrIds', 307]","('1.3.6.1.4.1.4329.1.6.4.1920', '1.3.6.1.4.1.4329.1.6.4.8230')"
change,"['objectClassId=1.3.6.1.4.1.4329.1.6.6.38,configType=objectClass,config=sdf,', 'optAttrIds', 308]","('1.3.6.1.4.1.4329.1.6.4.1963', '1.3.6.1.4.1.4329.1.6.4.8231')"
change,"['objectClassId=1.3.6.1.4.1.4329.1.6.6.38,configType=objectClass,config=sdf,', 'optAttrIds', 309]","('1.3.6.1.4.1.4329.1.6.4.1964', '1.3.6.1.4.1.4329.1.6.4.8232')"
change,"['objectClassId=1.3.6.1.4.1.4329.1.6.6.38,configType=objectClass,config=sdf,', 'optAttrIds', 310]","('1.3.6.1.4.1.4329.1.6.4.1965', '1.3.6.1.4.1.4329.1.6.4.8233')"
change,"['objectClassId=1.3.6.1.4.1.4329.1.6.6.38,configType=objectClass,config=sdf,', 'optAttrIds', 311]","('1.3.6.1.4.1.4329.1.6.4.1976', '1.3.6.1.4.1.4329.1.6.4.8234')"
change,"['objectClassId=1.3.6.1.4.1.4329.1.6.6.38,configType=objectClass,config=sdf,', 'optAttrIds', 312]","('1.3.6.1.4.1.4329.1.6.4.1961', '1.3.6.1.4.1.4329.1.6.4.8235')"
change,"['objectClassId=1.3.6.1.4.1.4329.1.6.6.38,configType=objectClass,config=sdf,', 'optAttrIds', 313]","('1.3.6.1.4.1.4329.1.6.4.1987', '1.3.6.1.4.1.4329.1.6.4.8236')"
change,"['objectClassId=1.3.6.1.4.1.4329.1.6.6.38,configType=objectClass,config=sdf,', 'optAttrIds', 314]","('1.3.6.1.4.1.4329.1.6.4.1990', '1.3.6.1.4.1.4329.1.6.4.8245')"
change,"['objectClassId=1.3.6.1.4.1.4329.1.6.6.38,configType=objectClass,config=sdf,', 'optAttrIds', 315]","('1.3.6.1.4.1.4329.1.6.4.1998', '1.3.6.1.4.1.4329.1.6.4.8247')"
change,"['objectClassId=1.3.6.1.4.1.4329.1.6.6.38,configType=objectClass,config=sdf,', 'optAttrIds', 316]","('1.3.6.1.4.1.4329.1.6.4.1706', '1.3.6.1.4.1.4329.1.6.4.8248')"
change,"['objectClassId=1.3.6.1.4.1.4329.1.6.6.38,configType=objectClass,config=sdf,', 'optAttrIds', 317]","('1.3.6.1.4.1.4329.1.6.4.1744', '1.3.6.1.4.1.4329.1.6.4.8246')"
change,"['objectClassId=1.3.6.1.4.1.4329.1.6.6.38,configType=objectClass,config=sdf,', 'optAttrIds', 318]","('1.3.6.1.4.1.4329.1.6.4.1749', '1.3.6.1.4.1.4329.1.6.4.957')"
change,"['objectClassId=1.3.6.1.4.1.4329.1.6.6.1705,configType=objectClass,config=sdf,', 'optAttrIds', 22]","('1.3.6.1.4.1.4329.1.6.4.1943', '1.3.6.1.4.1.4329.1.6.4.1758')"
change,"['objectClassId=1.3.6.1.4.1.4329.1.6.6.1705,configType=objectClass,config=sdf,', 'optAttrIds', 23]","('1.3.6.1.4.1.4329.1.6.4.767', '1.3.6.1.4.1.4329.1.6.4.1943')"
change,"['objectClassId=1.3.6.1.4.1.4329.1.6.6.1705,configType=objectClass,config=sdf,', 'optAttrIds', 24]","('1.3.6.1.4.1.4329.1.6.4.1962', '1.3.6.1.4.1.4329.1.6.4.767')"
change,"['objectClassId=1.3.6.1.4.1.4329.1.6.6.1705,configType=objectClass,config=sdf,', 'optAttrIds', 25]","('1.3.6.1.4.1.4329.1.6.4.1758', '1.3.6.1.4.1.4329.1.6.4.1962')"
change,"['objectClassId=1.3.6.1.4.1.4329.1.6.6.6205,configType=objectClass,config=sdf,', 'optAttrIds', 8]","('1.3.6.1.4.1.4329.1.6.4.6264', '2.5.24.5')"
change,"['objectClassId=1.3.6.1.4.1.4329.1.6.6.6205,configType=objectClass,config=sdf,', 'optAttrIds', 9]","('2.5.24.5', '1.3.6.1.4.1.4329.1.6.4.6264')"
remove,"dsTrigName=RESET-TRIGGER-INFO-Obj-DEFAULT,configType=triggering,config=sdf,","[('dsTrigCondAttrFilter', '(!(hssHost=*))')]"
